LinkedIn URL,HTML File
https://www.linkedin.com/in/johndoe,human1.html
https://www.linkedin.com/in/janesmith,human2.html
https://www.linkedin.com/in/michaelbrown,human3.html
https://www.linkedin.com/in/emilywhite,human4.html
https://www.linkedin.com/in/davidgreen,human5.html
https://www.linkedin.com/in/laurablue,human6.html
https://www.linkedin.com/in/robertbrown,human7.html
https://www.linkedin.com/in/sarahwhite,human8.html
https://www.linkedin.com/in/chrisredfield,human9.html
https://www.linkedin.com/in/lisagreen,human10.html
